,filename,label
466,n258258_faces.jpg,0
197,m25face.jpg,1
83,m2422_+faces.jpg,1
96,m164164_faces.jpg,1
249,m159159_faces.jpg,1
200,m306306_faces.jpg,1
554,n153153_faces.jpg,0
273,m10face.jpg,1
418,n96_face.jpg,0
113,m273273_faces.jpg,1
292,m2441_+faces.jpg,1
461,n4_face.jpg,0
360,n205205_faces.jpg,0
364,n200200_faces.jpg,0
482,n312312_faces.jpg,0
28,m341_+faces.jpg,1
195,m249249_faces.jpg,1
162,m298298_faces.jpg,1
235,m201_face.jpg,1
233,m224224_faces.jpg,1
613,n173_face.jpg,0
450,n41_+faces.jpg,0
150,m2471_+faces.jpg,1
75,m139_face.jpg,1
190,m3973972_faces.jpg,1
434,n188_face.jpg,0
397,n264264_faces.jpg,0
395,n26_+faces.jpg,0
80,m4104104_faces.jpg,1
66,m175175_faces.jpg,1
172,m197197_faces.jpg,1
84,m20face.jpg,1
413,n355355_faces.jpg,0
303,m293293_faces.jpg,1
539,n173_+faces.jpg,0
318,n38_+faces.jpg,0
276,m182182_faces.jpg,1
437,n276276_faces.jpg,0
324,n175_+faces.jpg,0
184,m156_face.jpg,1
352,n177177_faces.jpg,0
202,m289289_faces.jpg,1
167,m140140_faces.jpg,1
7,m3943948_faces.jpg,1
569,n149_+faces.jpg,0
411,n207207_faces.jpg,0
458,n232232_faces.jpg,0
427,n333333_faces.jpg,0
310,n24_+faces.jpg,0
132,m231231_faces.jpg,1
556,n180_face.jpg,0
439,n273273_faces.jpg,0
348,n62_face.jpg,0
366,n203203_faces.jpg,0
606,n67_face.jpg,0
553,n155155_faces.jpg,0
260,m287287_faces.jpg,1
571,n255255_faces.jpg,0
402,n0_face.jpg,0
420,n50_+faces.jpg,0
64,m2418_+faces.jpg,1
560,n282282_faces.jpg,0
173,m3813810_faces.jpg,1
53,m199_face.jpg,1
58,m269269_faces.jpg,1
548,n195195_faces.jpg,0
131,m237237_faces.jpg,1
362,n21_+faces.jpg,0
59,m2482_+faces.jpg,1
505,n220220_faces.jpg,0
231,m199199_faces.jpg,1
68,m170170_faces.jpg,1
121,m216216_faces.jpg,1
608,n48_+faces.jpg,0
186,m2872871_faces.jpg,1
182,m226226_faces.jpg,1
46,m3993992_faces.jpg,1
304,m290290_faces.jpg,1
432,n19_+faces.jpg,0
338,n101_face.jpg,0
342,n2587_+faces.jpg,0
91,m201201_faces.jpg,1
465,n238238_faces.jpg,0
188,m223223_faces.jpg,1
358,n176_face.jpg,0
447,n148_+faces.jpg,0
408,n208208_faces.jpg,0
611,n290290_faces.jpg,0
174,m194194_faces.jpg,1
119,m215215_faces.jpg,1
381,n81_face.jpg,0
540,n199199_faces.jpg,0
526,n76_face.jpg,0
559,n308308_faces.jpg,0
463,n180180_faces.jpg,0
193,m2486_+faces.jpg,1
373,n260260_faces.jpg,0
164,m336_+faces.jpg,1
2,m33face.jpg,1
361,n206206_faces.jpg,0
154,m2457_+faces.jpg,1
398,n267267_faces.jpg,0
530,n33_+faces.jpg,0
593,n230230_faces.jpg,0
380,n80_face.jpg,0
143,m258258_faces.jpg,1
349,n63_face.jpg,0
55,m2456_+faces.jpg,1
13,m2487_+faces.jpg,1
409,n202202_faces.jpg,0
597,n8_face.jpg,0
587,n181181_faces.jpg,0
294,m147147_faces.jpg,1
228,m2490_+faces.jpg,1
305,m296296_faces.jpg,1
314,n46_+faces.jpg,0
404,n1_face.jpg,0
196,m2479_+faces.jpg,1
48,m205205_faces.jpg,1
576,n167_+faces.jpg,0
226,m241241_faces.jpg,1
387,n12_face.jpg,0
277,m181181_faces.jpg,1
357,n52_+faces.jpg,0
223,m2444_+faces.jpg,1
281,m2450_+faces.jpg,1
145,m4054056_faces.jpg,1
257,m2455_+faces.jpg,1
297,m299299_faces.jpg,1
179,m191191_faces.jpg,1
325,n218218_faces.jpg,0
355,n174174_faces.jpg,0
203,m2468_+faces.jpg,1
152,m254254_faces.jpg,1
32,m2442_+faces.jpg,1
372,n263263_faces.jpg,0
423,n183_face.jpg,0
43,m174174_faces.jpg,1
161,m314314_faces.jpg,1
118,m213213_faces.jpg,1
230,m222222_faces.jpg,1
284,m2467_+faces.jpg,1
278,m2672673_faces.jpg,1
473,n254254_faces.jpg,0
259,m2437_+faces.jpg,1
443,n213213_faces.jpg,0
575,n150_+faces.jpg,0
524,n201_+faces.jpg,0
214,m151151_faces.jpg,1
330,n200_+faces.jpg,0
102,m161161_faces.jpg,1
291,m19face.jpg,1
549,n196196_faces.jpg,0
513,n305305_faces.jpg,0
343,n147_+faces.jpg,0
60,m263263_faces.jpg,1
544,n227227_faces.jpg,0
528,n157157_faces.jpg,0
116,m270270_faces.jpg,1
347,n340340_faces.jpg,0
445,n78_face.jpg,0
19,m155_face.jpg,1
126,m2454_+faces.jpg,1
460,n186186_faces.jpg,0
416,n162162_faces.jpg,0
451,n219219_faces.jpg,0
385,n342342_faces.jpg,0
98,m159_face.jpg,1
545,n190190_faces.jpg,0
574,n250250_faces.jpg,0
18,m217217_faces.jpg,1
218,m18face.jpg,1
192,m243243_faces.jpg,1
487,n311311_faces.jpg,0
42,m2447_+faces.jpg,1
47,m344_+faces.jpg,1
497,n229229_faces.jpg,0
234,m227227_faces.jpg,1
85,m268268_faces.jpg,1
484,n298298_faces.jpg,0
158,m291291_faces.jpg,1
533,n244244_faces.jpg,0
426,n167_face.jpg,0
282,m233233_faces.jpg,1
140,m1face.jpg,1
81,m261261_faces.jpg,1
345,n320320_faces.jpg,0
336,n196_+faces.jpg,0
328,n212212_faces.jpg,0
169,m34face.jpg,1
4,m2682685_faces.jpg,1
236,m190190_faces.jpg,1
315,n0_+faces.jpg,0
25,m271271_faces.jpg,1
612,n295295_faces.jpg,0
274,m259259_faces.jpg,1
79,m267267_faces.jpg,1
591,n233233_faces.jpg,0
283,m188188_faces.jpg,1
529,n51_+faces.jpg,0
441,n210210_faces.jpg,0
31,m278278_faces.jpg,1
386,n151_+faces.jpg,0
365,n43_+faces.jpg,0
421,n32_+faces.jpg,0
134,m140_face.jpg,1
10,m160_face.jpg,1
604,n313313_faces.jpg,0
307,n91_face.jpg,0
139,m2438_+faces.jpg,1
16,m4064067_faces.jpg,1
334,n277277_faces.jpg,0
308,n2570_+faces.jpg,0
377,n199_+faces.jpg,0
265,m255255_faces.jpg,1
254,m2462_+faces.jpg,1
581,n259259_faces.jpg,0
135,m189189_faces.jpg,1
312,n185_face.jpg,0
567,n22_+faces.jpg,0
293,m2489_+faces.jpg,1
295,m475_+faces.jpg,1
38,m171171_faces.jpg,1
302,m316316_faces.jpg,1
111,m2448_+faces.jpg,1
572,n256256_faces.jpg,0
133,m141_face.jpg,1
496,n192192_faces.jpg,0
332,n274274_faces.jpg,0
610,n293293_faces.jpg,0
419,n161161_faces.jpg,0
269,m2484_+faces.jpg,1
492,n157_+faces.jpg,0
89,m2494_+faces.jpg,1
333,n35_+faces.jpg,0
515,n131131_faces.jpg,0
384,n170170_faces.jpg,0
350,n343343_faces.jpg,0
485,n85_face.jpg,0
211,m2443_+faces.jpg,1
424,n182_face.jpg,0
599,n147147_faces.jpg,0
171,m2483_+faces.jpg,1
486,n42_+faces.jpg,0
301,m315315_faces.jpg,1
471,n9_+faces.jpg,0
261,m302302_faces.jpg,1
522,n2560_+faces.jpg,0
106,m2459_+faces.jpg,1
507,n39_+faces.jpg,0
388,n13_face.jpg,0
61,m260260_faces.jpg,1
109,m279279_faces.jpg,1
289,m4104100_faces.jpg,1
9,m169169_faces.jpg,1
1,m2453_+faces.jpg,1
407,n49_+faces.jpg,0
393,n65_face.jpg,0
506,n240240_faces.jpg,0
479,n292292_faces.jpg,0
136,m232232_faces.jpg,1
551,n364364_faces.jpg,0
187,m198198_faces.jpg,1
596,n9_face.jpg,0
69,m2485_+faces.jpg,1
563,n71_face.jpg,0
316,n169169_faces.jpg,0
564,n130130_faces.jpg,0
41,m177177_faces.jpg,1
100,m162162_faces.jpg,1
535,n241241_faces.jpg,0
454,n171_+faces.jpg,0
77,m2488_+faces.jpg,1
206,m285285_faces.jpg,1
23,m2469_+faces.jpg,1
379,n179179_faces.jpg,0
383,n176176_faces.jpg,0
87,m2440_+faces.jpg,1
582,n27_+faces.jpg,0
258,m284284_faces.jpg,1
213,m2474_+faces.jpg,1
82,m262262_faces.jpg,1
446,n79_face.jpg,0
271,m3813811_faces.jpg,1
54,m198_face.jpg,1
194,m245245_faces.jpg,1
35,m2493_+faces.jpg,1
105,m2872872_faces.jpg,1
580,n2_face.jpg,0
570,n40_+faces.jpg,0
490,n149149_faces.jpg,0
561,n284284_faces.jpg,0
63,m265265_faces.jpg,1
34,m2439_+faces.jpg,1
493,n197197_faces.jpg,0
495,n194194_faces.jpg,0
114,m152_face.jpg,1
370,n269269_faces.jpg,0
176,m333_+faces.jpg,1
585,n182182_faces.jpg,0
341,n14_face.jpg,0
36,m148_face.jpg,1
442,n23_+faces.jpg,0
573,n89_face.jpg,0
74,m327327_faces.jpg,1
488,n61_face.jpg,0
104,m168168_faces.jpg,1
247,m150150_faces.jpg,1
449,n2588_+faces.jpg,0
459,n185185_faces.jpg,0
160,m2632636_faces.jpg,1
512,n137137_faces.jpg,0
229,m221221_faces.jpg,1
519,n174_+faces.jpg,0
565,n70_face.jpg,0
584,n178_face.jpg,0
112,m275275_faces.jpg,1
588,n45_+faces.jpg,0
317,n160160_faces.jpg,0
592,n188188_faces.jpg,0
137,m185185_faces.jpg,1
562,n287287_faces.jpg,0
477,n190_face.jpg,0
94,m2427_+faces.jpg,1
76,m330_+faces.jpg,1
272,m2419_+faces.jpg,1
266,m3face.jpg,1
396,n44_+faces.jpg,0
264,m307307_faces.jpg,1
405,n268268_faces.jpg,0
476,n318318_faces.jpg,0
14,m165165_faces.jpg,1
523,n197_+faces.jpg,0
500,n226226_faces.jpg,0
368,n6_face.jpg,0
177,m229229_faces.jpg,1
243,m2449_+faces.jpg,1
428,n2585_+faces.jpg,0
309,n332332_faces.jpg,0
444,n215215_faces.jpg,0
438,n7_+faces.jpg,0
108,m338_+faces.jpg,1
399,n261261_faces.jpg,0
329,n211211_faces.jpg,0
199,m305305_faces.jpg,1
250,m2481_+faces.jpg,1
321,n165165_faces.jpg,0
129,m234234_faces.jpg,1
168,m145145_faces.jpg,1
517,n186_face.jpg,0
422,n168168_faces.jpg,0
394,n64_face.jpg,0
49,m200200_faces.jpg,1
52,m203203_faces.jpg,1
232,m27face.jpg,1
537,n221221_faces.jpg,0
149,m257257_faces.jpg,1
590,n184184_faces.jpg,0
489,n143143_faces.jpg,0
124,m203_face.jpg,1
552,n156156_faces.jpg,0
494,n25_+faces.jpg,0
457,n189189_faces.jpg,0
73,m16face.jpg,1
170,m4144148_faces.jpg,1
238,m228228_faces.jpg,1
583,n239239_faces.jpg,0
353,n8_+faces.jpg,0
95,m167167_faces.jpg,1
65,m179179_faces.jpg,1
287,m235235_faces.jpg,1
516,n286286_faces.jpg,0
212,m163_face.jpg,1
417,n97_face.jpg,0
56,m2461_+faces.jpg,1
298,m36face.jpg,1
296,m310310_faces.jpg,1
6,m2525_+faces.jpg,1
313,n178_+faces.jpg,0
331,n272272_faces.jpg,0
550,n6_+faces.jpg,0
138,m186186_faces.jpg,1
26,m272272_faces.jpg,1
88,m208208_faces.jpg,1
151,m2446_+faces.jpg,1
128,m2436_+faces.jpg,1
101,m2472_+faces.jpg,1
425,n166_face.jpg,0
11,m160160_faces.jpg,1
222,m244244_faces.jpg,1
470,n257257_faces.jpg,0
21,m214214_faces.jpg,1
205,m303303_faces.jpg,1
251,m281281_faces.jpg,1
165,m2662668_faces.jpg,1
280,m184184_faces.jpg,1
568,n136136_faces.jpg,0
40,m2470_+faces.jpg,1
546,n228228_faces.jpg,0
586,n179_face.jpg,0
483,n84_face.jpg,0
127,m219219_faces.jpg,1
156,m2460_+faces.jpg,1
346,n172172_faces.jpg,0
319,n163163_faces.jpg,0
147,m2424_+faces.jpg,1
412,n204204_faces.jpg,0
543,n18_+faces.jpg,0
356,n178178_faces.jpg,0
509,n245245_faces.jpg,0
44,m14face.jpg,1
542,n224224_faces.jpg,0
286,m2526_+faces.jpg,1
557,n159159_faces.jpg,0
474,n2574_+faces.jpg,0
504,n223223_faces.jpg,0
157,m8face.jpg,1
0,m2464_+faces.jpg,1
123,m202_face.jpg,1
532,n247247_faces.jpg,0
17,m218218_faces.jpg,1
429,n72_face.jpg,0
90,m202202_faces.jpg,1
351,n171171_faces.jpg,0
97,m158_face.jpg,1
3,m23face.jpg,1
344,n86_face.jpg,0
22,m2528_+faces.jpg,1
538,n222222_faces.jpg,0
146,m252252_faces.jpg,1
153,m294294_faces.jpg,1
220,m2426_+faces.jpg,1
117,m210210_faces.jpg,1
288,m2423_+faces.jpg,1
374,n68_face.jpg,0
163,m311311_faces.jpg,1
270,m253253_faces.jpg,1
598,n144144_faces.jpg,0
70,m173173_faces.jpg,1
178,m9face.jpg,1
468,n252252_faces.jpg,0
107,m2491_+faces.jpg,1
122,m4face.jpg,1
566,n302302_faces.jpg,0
37,m172172_faces.jpg,1
311,n184_face.jpg,0
215,m154154_faces.jpg,1
256,m282282_faces.jpg,1
175,m192192_faces.jpg,1
208,m280280_faces.jpg,1
51,m32face.jpg,1
166,m4064065_faces.jpg,1
579,n3_face.jpg,0
8,m2478_+faces.jpg,1
371,n161_+faces.jpg,0
241,m196196_faces.jpg,1
503,n99_face.jpg,0
558,n281281_faces.jpg,0
502,n198198_faces.jpg,0
72,m2466_+faces.jpg,1
464,n183183_faces.jpg,0
400,n262262_faces.jpg,0
376,n266266_faces.jpg,0
237,m200_face.jpg,1
45,m178178_faces.jpg,1
435,n28face.jpg,0
430,n73_face.jpg,0
27,m274274_faces.jpg,1
225,m242242_faces.jpg,1
159,m292292_faces.jpg,1
268,m250250_faces.jpg,1
279,m187187_faces.jpg,1
262,m301301_faces.jpg,1
448,n216216_faces.jpg,0
33,m2475_+faces.jpg,1
369,n209209_faces.jpg,0
501,n225225_faces.jpg,0
185,m157_face.jpg,1
67,m176176_faces.jpg,1
455,n237237_faces.jpg,0
510,n246246_faces.jpg,0
337,n2561_+faces.jpg,0
322,n166166_faces.jpg,0
541,n2584_+faces.jpg,0
481,n17_+faces.jpg,0
323,n74_face.jpg,0
285,m230230_faces.jpg,1
601,n10_face.jpg,0
415,n164164_faces.jpg,0
594,n236236_faces.jpg,0
327,n214214_faces.jpg,0
24,m212212_faces.jpg,1
30,m2420_+faces.jpg,1
15,m166166_faces.jpg,1
217,m4034037_faces.jpg,1
290,m2476_+faces.jpg,1
103,m21face.jpg,1
115,m153_face.jpg,1
12,m163163_faces.jpg,1
306,m295295_faces.jpg,1
210,m158158_faces.jpg,1
248,m11face.jpg,1
472,n2565_+faces.jpg,0
125,m2463_+faces.jpg,1
246,m153153_faces.jpg,1
401,n37_+faces.jpg,0
181,m2452_+faces.jpg,1
244,m156156_faces.jpg,1
605,n66_face.jpg,0
462,n5_face.jpg,0
511,n249249_faces.jpg,0
142,m183183_faces.jpg,1
183,m225225_faces.jpg,1
57,m209209_faces.jpg,1
508,n243243_faces.jpg,0
536,n2567_+faces.jpg,0
252,m308308_faces.jpg,1
239,m193193_faces.jpg,1
78,m264264_faces.jpg,1
518,n2583_+faces.jpg,0
389,n173173_faces.jpg,0
216,m157157_faces.jpg,1
480,n20_+faces.jpg,0
392,n324324_faces.jpg,0
410,n201201_faces.jpg,0
595,n235235_faces.jpg,0
499,n191191_faces.jpg,0
469,n251251_faces.jpg,0
521,n158158_faces.jpg,0
219,m248248_faces.jpg,1
299,m4074073_faces.jpg,1
378,n2559_+faces.jpg,0
300,m313313_faces.jpg,1
39,m4024023_faces.jpg,1
253,m2742744_faces.jpg,1
339,n100_face.jpg,0
201,m2922920_faces.jpg,1
93,m204204_faces.jpg,1
602,n36_+faces.jpg,0
198,m4084081_faces.jpg,1
391,n322322_faces.jpg,0
600,n11_face.jpg,0
99,m2445_+faces.jpg,1
520,n280280_faces.jpg,0
20,m154_face.jpg,1
436,n279279_faces.jpg,0
534,n242242_faces.jpg,0
577,n253253_faces.jpg,0
204,m300300_faces.jpg,1
589,n187187_faces.jpg,0
475,n294294_faces.jpg,0
242,m2458_+faces.jpg,1
209,m2421_+faces.jpg,1
354,n2564_+faces.jpg,0
609,n176_+faces.jpg,0
92,m207207_faces.jpg,1
440,n270270_faces.jpg,0
326,n217217_faces.jpg,0
340,n15_face.jpg,0
110,m2480_+faces.jpg,1
144,m327_+faces.jpg,1
263,m288288_faces.jpg,1
5,m4024025_faces.jpg,1
62,m266266_faces.jpg,1
120,m2572577_faces.jpg,1
255,m164_face.jpg,1
452,n234234_faces.jpg,0
224,m2473_+faces.jpg,1
141,m180180_faces.jpg,1
603,n299299_faces.jpg,0
191,m240240_faces.jpg,1
547,n193193_faces.jpg,0
578,n198_+faces.jpg,0
227,m4124124_faces.jpg,1
478,n291291_faces.jpg,0
29,m277277_faces.jpg,1
320,n357357_faces.jpg,0
453,n2586_+faces.jpg,0
403,n30face.jpg,0
221,m247247_faces.jpg,1
240,m195195_faces.jpg,1
335,n278278_faces.jpg,0
431,n172_+faces.jpg,0
71,m2451_+faces.jpg,1
406,n177_+faces.jpg,0
180,m2465_+faces.jpg,1
245,m155155_faces.jpg,1
433,n189_face.jpg,0
525,n168_+faces.jpg,0
514,n289289_faces.jpg,0
414,n167167_faces.jpg,0
207,m0face.jpg,1
50,m22face.jpg,1
531,n248248_faces.jpg,0
367,n7_face.jpg,0
148,m251251_faces.jpg,1
607,n316316_faces.jpg,0
267,m147_face.jpg,1
359,n177_face.jpg,0
155,m297297_faces.jpg,1
189,m220220_faces.jpg,1
275,m239239_faces.jpg,1
467,n53_+faces.jpg,0
375,n69_face.jpg,0
498,n47_+faces.jpg,0
456,n231231_faces.jpg,0
382,n175175_faces.jpg,0
130,m2492_+faces.jpg,1
390,n166_+faces.jpg,0
363,n16_+faces.jpg,0
86,m2477_+faces.jpg,1
491,n175_face.jpg,0
555,n150150_faces.jpg,0
527,n34_+faces.jpg,0
